{
    "ruleId":"R01",
    "label":" II  est interdit d'utiliser ce type bouton à l'intérieur d'une Lightbox.",
    "family":"Structure du composant",
    "domain": "internet / intranet",
    "level":"erreur",
    "description":"",
    "description_intra":"",
    "correction":"",
    "correction_intra":"",
    "linkedDocs":[],
    "testedComponent":"balises 'img', input contenant une image (input.image), bouton (.ei_button)",
    "testedParents":"lightbox (div.ei_blocmodal)",
    "testedChildren":"",
    "linkedComponents":["141"]
}
