{
    "ruleId":"R05",
    "label":"Il est interdit d'utiliser les classes fondvert, fondbleu, fondviolet, fondorange, fondrose ou fondrouge pour un usage Internet.",
    "family":"Homogénéité",
    "domain": "Internet",
    "level":"Erreur",
    "description":"",
    "description_intra":"Classes réservées aux sites Intranet",
    "correction":"",
    "correction_intra":"",
    "linkedDocs":[],
    "testedComponent":"Règle générale",
    "testedParents":"",
    "testedChildren":"",
    "linkedComponents":["273"]
}
