{
    "ruleId":"R06.1",
    "label":"Le composant et la balise dépréciés, utilisation à éviter.",
    "family":"Dépréciation",
    "domain": "Internet / Intranet",
    "level":"Erreur",
    "description":"Liste des éléments dépréciés : <ul><li>Le composant Maitre / Détail.</li><li>La balise italique I.</li></ul>",
    "description_intra":"",
    "correction":"",
    "correction_intra":"",
    "linkedDocs":[],
    "testedComponent":"cf récapitulatif",
    "testedParents":"",
    "testedChildren":"",
    "linkedComponents":["273"]
}
