{
    "ruleId":"R06",
    "label":"Privilégier l'utilisation du composant ou de la balise officiels et non celle de l'élément déprécié.",
    "family":"Dépréciation",
    "domain": "Internet / Intranet",
    "level":"Alerte",
    "description":"",
    "description_intra":"",
    "correction":"Récapitulatif des composants et balises dépréciés :<br/><ul><li>Le composant Groupe de radio-boutons riches a:RichRadioButtonsGroup remplace le composant Liste de détail e:DetailsList.</li><li>Le composant Bloc de regroupement a:GroupingBlock remplace le composant e:InputBlock et la balise Fieldset.</li><li>Le composant Abréviation a:Abbrev remplace la balise Abbr.</li><li>Le composant Bouton riche a:RichButton remplace le composant e:Button.</li><li>Le composant IBAN b:InputBankAccount remplace le composant e:InputBankAccount.</li><li>Le composant Bloc fonctionnel principal a:MainFunctionBlock et le composant Bloc fonctionnel secondaire a:FunctionBlockV2 remplacent le composant Bloc fonctionnel e:FunctionBlock.</li><li>Le composant Lightbox a:LightBox remplace le composant e:LightBox.</li><li>Les balises Strong et Em remplacent la balise B.</li></ul>",
    "correction_intra":"",
    "linkedDocs":[],
    "testedComponent":"cf récapitulatif",
    "testedParents":"",
    "testedChildren":"",
    "linkedComponents":["3","34","52","141","154","161","216","260","267","273"]
}
