{
    "ruleId":"R09.2",
    "label":"Tout élément possédant l'attribut 'aria-labelledby' doit pointer vers un unique élément.",
    "family":"Accessibilité",
    "domain":"Internet / Intranet",
    "level":"Erreur",
    "description":"",
    "description_intra":"",
    "correction":"",
    "correction_intra":"",
    "linkedDocs":[
        {
            "name":"Notice d'accessibilité HTML",
            "link":"https://ergonomie-ei-si.cm-cic.fr/fr/accessibilite/notice-accessibilite-html.pdf"
        }
    ],
    "testedComponent":"Tout élément possédant l'attribut aria-labelledby",
    "testedParents":"",
    "testedChildren":"",
    "linkedComponents":[]
}
