{
    "ruleId":"R09",
    "label":"Tout élément de saisie doit être associé à un label visible ou invisible ou posséder la propriété Title.",
    "family":"Accessibilité",
    "domain":"Internet / Intranet",
    "level":"Erreur",
    "description":"",
    "description_intra":"",
    "correction":"La liaison entre l'intitulé/label et le champ de saisie se fait en déclarant dans l'attribut 'For' de l'intitulé/label, la valeur de l'attribut 'Id' du champ correspondant.",
    "correction_intra":"",
    "linkedDocs":[
        {
            "name":"Notice d'accessibilité HTML",
            "link":"https://ergonomie-ei-si.cm-cic.fr/fr/accessibilite/notice-accessibilite-html.pdf"
        }
    ],
    "testedComponent":"Tout élément de saisie de formulaire (input, checkboxes, select, textarea, ...)",
    "testedParents":"",
    "testedChildren":"",
    "linkedComponents":["207","54","49","143","48","53","270","210","146","268"]
}
