{
    "ruleId":"R11",
    "label":"Le bouton doit faire partie d'un bloc boutons.",
    "family":"Structure de la page",
    "domain": "Internet / Intranet",
    "level":"Alerte",
    "description":"",
    "description_intra":"",
    "correction":"",
    "correction_intra":"",
    "linkedDocs":[
        {
            "name":"Cinématiques (doc)",
            "link":"https://wlib-si.cm-cic.fr/?mnc=SRVIPX&typ=NAVIGATION&par=SiteCDM:99;obj:0990015803"
        }
    ],
    "testedComponent":"balises 'img', input contenant une image (input.image), bouton (.ei_button)",
    "testedParents":"Bloc bouton (.blocboutons)",
    "testedChildren":"",
    "linkedComponents":["32","34"]
}
