{
    "ruleId":"R12.2",
    "label":"Le bouton ne peut pas être utilisé deux fois.",
    "family":"Structure de la page",
    "domain": "Internet / Intranet",
    "level":"Erreur",
    "description":"",
    "description_intra":"",
    "correction":"",
    "correction_intra":"",
    "linkedDocs":[],
    "testedComponent":"balises 'img', input contenant une image (input.image), bouton (.ei_button)",
    "testedParents":"Bloc bouton (.blocboutons)",
    "testedChildren":"",
    "linkedComponents":["32","34"]
}
