{
    "ruleId":"R12.1",
    "label":"Le bouton de type 'type_du_bouton' doit être positionné avant le bouton de type 'type_du_bouton_2'.",
    "family":"Structure de la page",
    "domain": "Internet / Intranet",
    "level":"Erreur",
    "description":"",
    "description_intra":"",
    "correction":"",
    "correction_intra":"",
    "linkedDocs":[],
    "testedComponent":"balises 'img', input contenant une image (input.image), bouton (.ei_button)",
    "testedParents":"Bloc bouton (.blocboutons)",
    "testedChildren":"",
    "linkedComponents":["32","34"]
}
