{
    "ruleId":"R12.5",
    "label":"Les boutons de type 'type_du_bouton' et 'type_du_bouton_2' sont à utiliser nécessairement avec le bouton de type 'type_du_bouton_3'.",
    "family":"Structure de la page",
    "domain": "Internet / Intranet",
    "level":"Erreur",
    "description":"",
    "description_intra":"",
    "correction":"",
    "correction_intra":"",
    "linkedDocs":[],
    "testedComponent":"balises 'img', input contenant une image (input.image), bouton (.ei_button)",
    "testedParents":"Bloc bouton (.blocboutons)",
    "testedChildren":"",
    "linkedComponents":["32","34"]
}
