{
    "ruleId":"R13.1",
    "label":"Il est interdit d’utiliser le type de bouton.",
    "family":"Structure de la page",
    "domain": "Internet",
    "level":"Alerte",
    "description":"Sur une page Internet, il est interdit d'utiliser le bouton de type Valider et confirmer ou le bouton de type Sélectionner.",
    "description_intra":"",
    "correction":"Pour remplacer le bouton de type Valider et confirmer, il faut utiliser le bouton de type Valider pour une page de saisie sinon le bouton de type Confirmer.",
    "correction_intra":"",
    "linkedDocs":[],
    "testedComponent":"balises 'img', input contenant une image (input.image), bouton (.ei_button)",
    "testedParents":"Bloc bouton (.blocboutons)",
    "testedChildren":"",
    "linkedComponents":["32","34"]
}
