{
    "ruleId":"R13.2",
    "label":"Il est interdit d’utiliser le type de bouton.",
    "family":"Structure de la page",
    "domain": "Intranet",
    "level":"Erreur",
    "description":"",
    "description_intra":"Il est interdit d'utiliser le bouton de type Actualiser, Copier, Modifier, Sélectionner, Supprimer ou Terminer sur une page Intranet.",
    "correction":"",
    "correction_intra":"",
    "linkedDocs":[],
    "testedComponent":"balises 'img', input contenant une image (input.image), bouton (.ei_button)",
    "testedParents":"Bloc bouton (.blocboutons)",
    "testedChildren":"",
    "linkedComponents":["32","34"]
}
