{
    "ruleId":"R14",
    "label":"Toute image doit avoir une alternative (propriété Alt) textuelle pertinente (image porteuse d’information) ou vide (image décorative).",
    "family":"Accessibilité",
    "domain": "Internet / Intranet",
    "level":"Erreur",
    "description":"",
    "description_intra":"",
    "correction":"",
    "correction_intra":"",
    "linkedDocs":[
        {
            "name":"Notice d'accessibilité HTML",
            "link":"https://ergonomie-ei-si.cm-cic.fr/fr/accessibilite/notice-accessibilite-html.pdf"
        }
    ],
    "testedComponent":"images (img)",
    "testedParents":"Tous les composants / sous-composants pouvant accueillir une image",
    "testedChildren":"",
    "linkedComponents":["133","65"]
}
