{
    "ruleId":"R15",
    "label":"Les attributs Width et Height sont interdits sur les images sauf pour l'image de calage 'rien.gif'.",
    "family":"Accessibilité",
    "domain": "Internet / Intranet",
    "level":"Erreur",
    "description":"",
    "description_intra":"",
    "correction":"",
    "correction_intra":"",
    "linkedDocs":[],
    "testedComponent":"images(img) avec attribut 'src' contenant 'rien.gif'",
    "testedParents":"Tous les composants / sous-composants pouvant accueillir une image",
    "testedChildren":"",
    "linkedComponents":["133","65"]
}
