{
    "ruleId":"R18",
    "label":"Un tableau de mise en forme ne doit pas utiliser les balises des tableaux de données : Caption, Thead, Tfoot et Th.",
    "family":"Structure du composant",
    "domain": "internet / intranet",
    "level":"erreur",
    "description":"Dans un tableau de présentation, il est interdit d'utiliser les balises caption, thead, tfoot.<br/>Seules les balises tr et td sont adaptées à la présentation.",
    "description_intra":"",
    "correction":"Supprimer cet attribut de tous vos tableaux de présentation.",
    "correction_intra":"",
    "linkedDocs":[
        {
            "name":"Notice d'accessibilité HTML",
            "link":"https://wlib-si.cm-cic.fr/?mnc=SRVIPX&typ=NAVIGATION&par=SiteCDM:99;obj:0990027510"
        }
    ],
    "testedComponent":"tableaux de type saisie (balise <table>)",
    "testedParents":"",
    "testedChildren":"balise <th>",
    "LinkedComponents":[]
}
