{
    "ruleId":"R18.1",
    "label":"Un tableau ne doit pas avoir de description dans l'attribut Summary.",
    "family":"Structure du composant",
    "domain": "internet / intranet",
    "level":"erreur",
    "description":"",
    "description_intra":"",
    "correction":"Supprimer cet attribut de tous les tableaux.",
    "correction_intra":"",
    "linkedDocs":[
        {
            "name":"Notice d'accessibilité HTML",
            "link":"https://ergonomie-ei-si.cm-cic.fr/fr/accessibilite/notice-accessibilite-html.pdf"
        }
    ],
    "testedComponent":"Tous les tableaux (balise <table>)",
    "testedParents":"",
    "testedChildren":"balises <caption>, <thead>, <tfoot>, <th>",
    "LinkedComponents":["36","45","47"]
}
