{
    "ruleId":"R19",
    "label":"Un tableau de type liste vide (class='a_vide') doit contenir une seule ligne.",
    "family":"Structure de la page",
    "domain": "Internet / Intranet",
    "level":"Alerte",
    "description":"Un tableau de type liste vide doit avoir une entête suivie d'une seule ligne.",
    "description_intra":"",
    "correction":"La ligne vide s'écrit avec une balise Tr suivie d'une (en utilisant l'attribut 'colspan') ou plusieurs balises Td de classe 'a_vide'.<br/><br/>Nouveauté recommandée : <br/> Lorsqu'il n'y a pas d'occurrence dans une liste, il est conseillé de ne pas afficher un tableau vide mais d'implémenter un bloc de texte typé Information sous l'éventuel bloc de recherche et sous les éventuels liens de restriction avec la mention : Aucun compte (cas standard),  Aucun modèle disponible (Cas particulier d'un catalogue).",
    "correction_intra":"",
    "linkedDocs":[],
    "testedComponent":"Tous les tableaux ('Table')",
    "testedParents":"",
    "testedChildren":"",
    "linkedComponents":["36","45","47"]
}
