{
    "ruleId":"R21",
    "label":"Dans un tableau de liste, il est fortement déconseillé d'utiliser le second niveau de rupture sur internet.",
    "family":"Structure de la page",
    "domain": "Internet",
    "level":"Alerte",
    "description":"",
    "description_intra":"",
    "correction":"",
    "correction_intra":"",
    "linkedDocs":[],
    "testedComponent":"classe 'rupture2'",
    "testedParents":"Tableaux de liste (class='liste')",
    "testedChildren":"",
    "linkedComponents":["45"]
}
