{
    "ruleId":"R22",
    "label":"Il est fortement déconseillé d'imbriquer plusieurs tableaux.",
    "family":"Structure de la page",
    "domain": "Internet / Intranet",
    "level":"Alerte",
    "description":"Exception pour le tableau de mise en forme (type Layout).",
    "description_intra":"",
    "correction":"",
    "correction_intra":"",
    "linkedDocs":[],
    "testedComponent":"Tous les tableaux hormis le type Layout",
    "testedParents":"",
    "testedChildren":"",
    "linkedComponents":["36","45","47"]
}
