{
    "ruleId":"R23",
    "label":"Il est interdit d'utiliser plusieurs menus applicatifs.",
    "family":"Structure de la page",
    "domain": "Internet / Intranet",
    "level":"Erreur",
    "description":"Le menu application doit être unique.",
    "description_intra":"",
    "correction":"",
    "correction_intra":"",
    "linkedDocs":[],
    "testedComponent":"menu applicatif (classe ‘a_menuappli’ ou ‘menuapplih’)",
    "testedParents":"",
    "testedChildren":"",
    "linkedComponents":["5"]
}
