{
    "ruleId":"R26",
    "label":"L'action Actualiser doit être positionnée à droite dans le titre de la page intranet sauf s'il s'agit d'un rafraîchissement partiel de la page.",
    "family":"Structure de la page",
    "domain": "Intranet",
    "level":"Erreur",
    "description":"",
    "description_intra":"L'action globale 'Actualiser' se place à droite du titre et non sous le titre de page, sauf en cas rafraîchissement partiel de la page auquel cas elle sera placée au plus près de la zone à rafraichir.<br/><br/>Les actions globales suivantes se placent à droite du titre : le lien 'Aide' contextuel à la page, 'Actualiser', 'Imprimer' si aucune action globale n'existe.",
    "correction":"",
    "correction_intra":"",
    "linkedDocs":[],
    "testedComponent":"action actualiser (classe 'actual')",
    "testedParents":"Titre de bloc fonctionnel (classe 'a_blocfctltitre' ou 'ei_titlelabel')",
    "testedChildren":"",
    "linkedComponents":["3","265"]
}
