{
    "ruleId":"R27",
    "label":" Les lignes d'occurrence d'un tableau de type liste doivent être mises en valeur lors du survol de la souris en Intranet.",
    "family":"Lisibilité",
    "domain": "Intranet",
    "level":"Alerte",
    "description":"",
    "description_intra":"Pas d'impératif en Internet.",
    "correction":"",
    "correction_intra":"",
    "linkedDocs":[],
    "testedComponent":"classe 'over'",
    "testedParents":"Tableaux de liste (class='liste')",
    "testedChildren":"",
    "linkedComponents":["36"]
}
