{
    "ruleId":"R29",
    "label":"La ligne de décision est normalement composée d'une case à cocher ou de radio boutons et d'une phrase explicative.",
    "family":"Structure du composant",
    "domain": "Internet / Intranet",
    "level":"Alerte",
    "description":"La case à cocher n'est pas obligatoire en présence d'un lien hypertexte pointant un fichier PDF.",
    "description_intra":"",
    "correction":"",
    "correction_intra":"",
    "linkedDocs":[],
    "testedComponent":"case à cocher (input:checkbox), bouton radio (input:radio)",
    "testedParents":"Bloc bouton (div.blocboutons)",
    "testedChildren":"",
    "linkedComponents":["33"]
}
