{
    "ruleId":"R30",
    "label":"L'abréviation ou l'acronyme doit nécessairement être explicité dans composant Abbrev via un Title.",
    "family":"Accessibilité",
    "domain": "Internet / Intranet",
    "level":"erreur",
    "description":"La présence d'une balise pour décoder la première occurrence d'une abréviation ou d'un acronyme sur une page est obligatoire.<br/>Chaque balise Abbrev dès lors qu'elle est présente doit nécessairement être explicitée via un Title. <br/><br/>Si l'abréviation est dans la liste blanche (CIC, EDF, NRJ, SNCF, RATP,...), l'abréviation n'est pas à décoder.",
    "description_intra":"",
    "correction":"",
    "correction_intra":"",
    "linkedDocs":[
        {
            "name":"Notice d'accessibilité HTML",
            "link":"https://ergonomie-ei-si.cm-cic.fr/fr/accessibilite/notice-accessibilite-html.pdf"
        }
    ],
    "testedComponent":"",
    "testedParents":"abbrev contenant span.abbrev__abbr",
    "testedChildren":"",
    "linkedComponents":["267"]
}
