{
    "ruleId":"R31",
    "label":"La structure du composant bloc à onglets est incorrecte.",
    "family":"Structure du composant",
    "domain": "Internet / Intranet",
    "level":"Erreur",
    "description":"",
    "description_intra":"",
    "correction":"Il est conseillé d'utiliser le framework DevBooster pour coder votre application.",
    "correction_intra":"",
    "linkedDocs":[],
    "testedComponent":"onglets horizontaux('.a_blocongh') et verticaux ('.a_blocongv')",
    "testedParents":"",
    "testedChildren":"",
    "linkedComponents":["29"]
}
