{
    "ruleId":"R32",
    "label":"Le bloc à onglets doit toujours être situé dans le bloc fonctionnel principal de la page.",
    "family":"Structure de page",
    "domain": "Internet / Intranet",
    "level":"Erreur",
    "description":"",
    "description_intra":"",
    "correction":"",
    "correction_intra":"",
    "linkedDocs":[],
    "testedComponent":"onglets horizontaux('.a_blocongh') et verticaux ('.a_blocongv')",
    "testedParents":"",
    "testedChildren":"",
    "linkedComponents":["29"]
}
