{
    "ruleId":"R33",
    "label":"Il est interdit d'inclure un bloc à onglets dans un autre bloc à onglets.",
    "family":"Structure de page",
    "domain": "Internet / Intranet",
    "level":"Erreur",
    "description":"Une exception internet autorise l'imbrication d'un bloc à onglets horizontal dans un bloc à onglets vertical.",
    "description_intra":"",
    "correction":"",
    "correction_intra":"",
    "linkedDocs":[],
    "testedComponent":"onglets horizontaux et verticaux classe ('a_blocongh')",
    "testedParents":"conteneur central des onglets (div.a_blocongfond)",
    "testedChildren":"",
    "linkedComponents":["29"]
}
