{
    "ruleId":"R34.1",
    "label":"Le bouton retour arrière est à placer dans le MainFunctionBlock.TitleBack.",
    "family":"Structure de page",
    "domain": "Internet / Intranet",
    "level":"Erreur",
    "description":"",
    "description_intra":"",
    "correction":"",
    "correction_intra":"",
    "linkedDocs":[
        {
            "name":"Bouton Arrière dupliqué en haut de page",
            "link":"https://wlib-si.cm-cic.fr/?mnc=SRVIPX&typ=NAVIGATION&par=SiteCDM:99;obj:0990032005"
        }
    ],
    "testedComponent":"composant TitleBackButton (div.ei_titlebackbutton)",
    "testedParents":"Zone retour du bloc titre (div.ei_titleback)",
    "testedChildren":"",
    "linkedComponents":["3","15"]
}
