{
    "ruleId":"R34.2",
    "label":"En présence du bouton retour arrière à gauche du titre de page sur internet, un bouton de type backward dans le bloc boutons de la page est obligatoire.",
    "family":"Cohérence",
    "domain": "Internet",
    "level":"Erreur",
    "description":"",
    "description_intra":"",
    "correction":"",
    "correction_intra":"",
    "linkedDocs":[
        {
            "name":"Bouton Arrière dupliqué en haut de page",
            "link":"https://wlib-si.cm-cic.fr/?mnc=SRVIPX&typ=NAVIGATION&par=SiteCDM:99;obj:0990032005"
        }
    ],
    "testedComponent":"composant TitleBackButton (div.ei_titlebackbutton), bouton (img, input.image, .ei_button)  de type retour (Cancel, Quit, Back, CustomBackward, Previous, Change) ",
    "testedParents":"Zone retour du bloc titre (div.ei_titleback) du bloc fonctionnel principal (.ei_mainblocfctl)",
    "testedChildren":"",
    "linkedComponents":["3","15"]
}
