{
    "ruleId":"R35.2",
    "label":"Le type de bouton ne doit pas être un bouton principal.",
    "family":"Cohérence",
    "domain": "Internet / Intranet",
    "level":"erreur",
    "description":"Se référer à la documentation",
    "description_intra":"",
    "correction":"",
    "correction_intra":"",
    "linkedDocs":[],
    "testedComponent":"img, input.image, .ei_button",
    "testedParents":"barre de bouttons(div.ei_buttonbar) contenant un bloc boutons principaux (div.ei_mainbuttons)",
    "testedChildren":"",
    "linkedComponents":["34"]
}
