{
    "ruleId":"R35.4",
    "label":" Dans le bloc boutons d'une page de confirmation internet, il est obligatoire d'utiliser le bouton 'Modifier' et non le bouton 'Retour'.",
    "family":"Cohérence",
    "domain": "Internet / Intranet",
    "level":"erreur",
    "description":"",
    "description_intra":"Sous une page confirmation intranet, utiliser le bouton 'Retour' et non le bouton 'Modifier'. ",
    "correction":"",
    "correction_intra":"",
    "linkedDocs":[],
    "testedComponent":"img, input.image, .ei_button",
    "testedParents":"",
    "testedChildren":"",
    "linkedComponents":["34"]
}
