{
    "ruleId":"R35.1",
    "label":"Un bloc de boutons principaux doit contenir au moins un bouton principal.",
    "family":"Structure de page",
    "domain": "Internet / Intranet",
    "level":"erreur",
    "description":"Se référer à la documentation",
    "description_intra":"",
    "correction":"",
    "correction_intra":"",
    "linkedDocs":[],
    "testedComponent":"Bloc boutons principaux (div.blocboutons)",
    "testedParents":"",
    "testedChildren":"img, input.image, .ei_button",
    "linkedComponents":["32"]
}
