{
    "ruleId":"R35",
    "label":"Un bloc boutons contenant plus d'un bouton doit être ordonné.",
    "family":"Cohérence",
    "domain": "Internet / Intranet",
    "level":"erreur",
    "description":"Se référer à la documentation",
    "description_intra":"Il s'agit d'une préférence, Niveau alerte seulement",
    "correction":"",
    "correction_intra":"",
    "linkedDocs":[],
    "testedComponent":"Bloc boutons (div.blocboutons)",
    "testedParents":"",
    "testedChildren":"img, input.image, .ei_button",
    "linkedComponents":["32"]
}
