{
    "ruleId":"R36",
    "label":"Les attributs servant à la présentation de l'information ne doivent pas être utilisés pour des questions d'accessibilité.",
    "family":"Accessibilité",
    "domain": "Internet / Intranet",
    "level":"Erreur",
    "description":"",
    "description_intra":"",
    "correction":"",
    "correction_intra":"",
    "linkedDocs":[],
    "testedComponent":"attribut dépréciés par a11y",
    "testedParents":"",
    "testedChildren":"",
    "linkedComponents":[]
}
