{
    "ruleId":"R37",
    "label":"La ligne de décision doit être située dans le bloc boutons.",
    "family":"Structure de page",
    "domain": "Internet / Intranet",
    "level":"Erreur",
    "description":"",
    "description_intra":"",
    "correction":"",
    "correction_intra":"",
    "linkedDocs":[],
    "testedComponent":"Bloc de décision (div.blocdecision)",
    "testedParents":"Bloc boutons (div.blocboutons)",
    "testedChildren":"",
    "linkedComponents":["33"]
}
