{
    "ruleId":"R38",
    "label":"Il est déconseillé d'utiliser l'attribut 'Tabindex' avec une valeur différente de 0 ou de -1.",
    "family":"Accessibilité",
    "domain": "Internet / Intranet",
    "level":"Alerte",
    "description":"",
    "description_intra":"",
    "correction":"Voir documentation sur l'accessibilité",
    "correction_intra":"",
    "linkedDocs":[
        {
            "name":"Notice d'accessibilité HTML",
            "link":"https://ergonomie-ei-si.cm-cic.fr/fr/accessibilite/notice-accessibilite-html.pdf"
        }
    ],
    "testedComponent":"Tous les composants comportant une interactivté",
    "testedParents":"",
    "testedChildren":"",
    "linkedComponents":[]
}
