{
    "ruleId":"R39",
    "label":" Il est interdit d'utiliser l'attribut Tabindex avec une valeur différente de 0 ou de -1 dans une LightBox. La gestion du focus doit rester simple.",
    "family":"Accessibilité",
    "domain": "Internet / Intranet",
    "level":"Erreur",
    "description":"",
    "description_intra":"",
    "correction":"Voir documentation sur l'accessibilité",
    "correction_intra":"",
    "linkedDocs":[
        {
            "name":"Notice d'accessibilité HTML",
            "link":"https://ergonomie-ei-si.cm-cic.fr/fr/accessibilite/notice-accessibilite-html.pdf"
        }
    ],
    "testedComponent":"Tous les composants comportant une interactivté",
    "testedParents":"",
    "testedChildren":"",
    "linkedComponents":["141"]
}
