{
    "ruleId":"R40",
    "label":"Un tableau de données c'est à dire un tableau de type détail, liste ou à deux dimensions doit avoir un titre visible (Caption) ou non (e:InvisibleCaption).",
    "family":"Accessibilité",
    "domain": "Internet / Intranet",
    "level":"Erreur",
    "description":"Le titre est obligatoire pour des raisons d'accessibilité et doit décrire précisément le contenu du tableau.<br/><br/>Pour les utilisateurs de l'outil Maquetteur, veillez à modifier les titres pré-remplis à l'ajout du composant.",
    "description_intra":"Seul le titre invisible e:InvisibleCaption est autorisé.",
    "correction":"",
    "correction_intra":"",
    "linkedDocs":[
        {
            "name":"Notice d'accessibilité HTML",
            "link":"https://ergonomie-ei-si.cm-cic.fr/fr/accessibilite/notice-accessibilite-html.pdf"
        }
    ],
    "testedComponent":"Tous les tableaux (balise <table>) sauf type 'Layout'",
    "testedParents":"",
    "testedChildren":"balise caption, avec ou sans la classe 'invisible'",
    "linkedComponents":["36","45","47"]
}
