{
    "ruleId":"R41",
    "label":"Il est interdit d’utiliser une note de bas de page.",
    "family":"Structure de page",
    "domain": "Intranet",
    "level":"Erreur",
    "description":"",
    "description_intra":"Il s'agit d'une erreur spécifique à intranet.",
    "correction":"",
    "correction_intra":"",
    "linkedDocs":[],
    "testedComponent":"classes .blocnotes, .renvoi, .note, .notejuridique",
    "testedParents":"",
    "testedChildren":"",
    "linkedComponents":["68"]
}
