{
    "ruleId":"R41.2",
    "label":"En cas de complément d’information dans la carte offre commerciale, la note et le renvoi doivent être placés à l’intérieur de la carte.",
    "family":"Structure",
    "domain": "Internet",
    "level":"Erreur",
    "description":"",
    "description_intra":"",
    "correction":"",
    "correction_intra":"",
    "linkedDocs":[],
    "testedComponent":"classes .blocnotes, .renvoi, .note, .notejuridique",
    "testedParents":"div.ei_offercard",
    "testedChildren":"",
    "linkedComponents":["68"]
}
