{
    "ruleId":"R42",
    "label":"Un texte ne doit pas se trouver placé directement dans un div mais selon les cas dans une balise &lt;P&gt; ou &lt;Li&gt;, &lt;Span&gt;, …",
    "family":"Structure de page",
    "domain": "Internet / Intranet",
    "level":"Erreur",
    "description":"Quelles exceptions sont tolérées (texte dans l'aide à la saisie,…).",
    "description_intra":"",
    "correction":"",
    "correction_intra":"",
    "linkedDocs":[],
    "testedComponent":"Ensemble du contenu",
    "testedParents":"",
    "testedChildren":"",
    "linkedComponents":[]
}
