{
    "ruleId":"R44.2",
    "label":" Il est formellement interdit d'utiliser l'instruction '!important' dans une balise 'style' dans une page.",
    "family":"Portabilité",
    "domain": "Internet / Intranet",
    "level":"Erreur",
    "description":"",
    "description_intra":"",
    "correction":"",
    "correction_intra":"",
    "linkedDocs":[],
    "testedComponent":"Tous, aux exceptions près",
    "testedParents":"blocapplicatif (div.a_blocappli)",
    "testedChildren":"",
    "linkedComponents":[]
}
