{
    "ruleId":"R44.1",
    "label":"L'usage de la balise style est à proscrire (sauf composant fourni par l'équipe UX Solutions).",
    "family":"Portabilité",
    "domain": "Internet / Intranet",
    "level":"Erreur",
    "description":"",
    "description_intra":"",
    "correction":"",
    "correction_intra":"",
    "linkedDocs":[],
    "testedComponent":"Tous, aux exceptions près",
    "testedParents":"blocapplicatif (div.a_blocappli)",
    "testedChildren":"",
    "linkedComponents":[]
}
