{
    "ruleId":"R46.4",
    "label":"Le bloc de regroupement doit posséder un cadre en Intranet (Display à Inline ou défaut).",
    "family":"Structure du composant",
    "domain": "Intranet",
    "level":"Erreur",
    "description":"",
    "description_intra":"Il s'agit d'une restriction limitée à intranet. Pas d'impératif sur internet.",
    "correction":"",
    "correction_intra":"",
    "linkedDocs":[],
    "testedComponent":"div.ei_gpblock",
    "testedParents":"",
    "testedChildren":"",
    "linkedComponents":["260"]
}
