{
    "ruleId":"R46.2",
    "label":"Un bloc de regroupement contenant un champ de saisie doit être typé bloc de saisie.",
    "family":"Structure du composant",
    "domain": "Internet / Intranet",
    "level":"Erreur",
    "description":"Positionner l'attribut IsInputBlock à true.",
    "description_intra":"",
    "correction":"",
    "correction_intra":"",
    "linkedDocs":[],
    "testedComponent":"div.ei_gpblock",
    "testedParents":"",
    "testedChildren":"Tous les champs de formulaire à l'exception des checkboxes et champs cachés",
    "linkedComponents":["260"]
}
