{
    "ruleId":"R46.5",
    "label":"Il est déconseillé d'insérer un bloc à onglet dans un bloc de regroupement.",
    "family":"Structure du composant",
    "domain": "Internet / Intranet",
    "level":"Erreur",
    "description":"",
    "description_intra":"",
    "correction":"",
    "correction_intra":"",
    "linkedDocs":[],
    "testedComponent":"div.a_blocsongh,div.a_blocsongv",
    "testedParents":"div.ei_gpblock",
    "testedChildren":"",
    "linkedComponents":["29","260"]
}
