{
    "ruleId":"R46",
    "label":"Un bloc de regroupement contenant un tableau de type saisie doit être typé bloc de saisie (IsInputBlock true).",
    "family":"Structure du composant",
    "domain": "Internet / Intranet",
    "level":"Erreur",
    "description":"",
    "description_intra":"",
    "correction":"Il est conseillé d'utiliser le framework DevBooster pour coder votre application.",
    "correction_intra":"",
    "linkedDocs":[],
    "testedComponent":"div.ei_gpblock",
    "testedParents":"",
    "testedChildren":"tableau de type saisie",
    "linkedComponents":["260"]
}
