{
    "ruleId":"R46.3",
    "label":"Un bloc de regroupement ne contenant pas de tableau de type saisie n'est pas à toper bloc de saisie",
    "family":"Structure du composant",
    "domain": "Internet / Intranet",
    "level":"Erreur",
    "description":"Positionner l'attribut IsInputBlock à 'False'.<br/>Cette règle reste valable si le bloc de regroupement contient lui-même un bloc de regroupement de type saisie.",
    "description_intra":"",
    "correction":"",
    "correction_intra":"",
    "linkedDocs":[],
    "testedComponent":"div.ei_gpblock",
    "testedParents":"",
    "testedChildren":"Tous les champs de formulaire à l'exception des checkboxes et chanmps cachés",
    "linkedComponents":["260"]
}
