{
    "ruleId":"R47",
    "label":"Le mode d'affichage pour le groupe de cases à cocher / radio-boutons riches est à renseigner (attribut Display).",
    "family":"Structure du composant",
    "domain": "Internet / Intranet",
    "level":"Alerte",
    "description":"",
    "description_intra":"",
    "correction":"Renseigner l'attribut display en fonction du rendu souhaité.",
    "correction_intra":"",
    "linkedDocs":[],
    "testedComponent":"Checkboxes, boutons radio et groupes associés",
    "testedParents":"",
    "testedChildren":"",
    "linkedComponents":["52","54"]
}
