{
    "ruleId":"R48",
    "label":"L'usage des thèmes de tuile ou de carte est interdit sur internet.",
    "family":"Lisibilité",
    "domain": "Internet",
    "level":"Erreur",
    "description":"",
    "description_intra":"L'usage des thèmes de tuile ou de carte est réservé à intranet.",
    "correction":"",
    "correction_intra":"",
    "linkedDocs":[],
    "testedComponent":"Tuile (div.ei_tile), Carte (div.ei_card)",
    "testedParents":"",
    "testedChildren":"",
    "linkedComponents":["214","236"]
}
