{
    "ruleId":"R49",
    "label":"La structure du composant 'Menu illustré' est incorrecte. Merci de contacter l'équipe UX Solutions.",
    "family":"Lisibilité",
    "domain": "Internet / Intranet",
    "level":"Alerte",
    "description":"",
    "description_intra":"",
    "correction":"Il est conseillé d'utiliser le framework DevBooster pour coder votre application.",
    "correction_intra":"",
    "linkedDocs":[],
    "testedComponent":"Menu illustré (div.ei_tile_links)",
    "testedParents":"Tuile (div.ei_tile), Carte (div.ei_card)",
    "testedChildren":"",
    "linkedComponents":["199"]
}
