{
    "ruleId":"R50",
    "label":"Il ne faut pas d'élément de saisie dans un tableau de type détail.",
    "family":"Cohérence",
    "domain": "Internet / Intranet",
    "level":"Erreur",
    "description":"Deux exceptions à cette règle : <br/><ul><li>une donnée éditable (content editable)</li><li>une série de cases à cocher dans un tableau de liste.</li></ul>",
    "description_intra":"",
    "correction":"",
    "correction_intra":"",
    "linkedDocs":[],
    "testedComponent":"Tableau de type fiche",
    "testedParents":"",
    "testedChildren":"Tous les champs de formulaires, à l'exception des checkboxes, donnée éditable et champs cachés",
    "linkedComponents":["36"]
}
