{
    "ruleId":"R51",
    "label":"Le bloc fonctionnel principal doit contenir tous les objets de la page.",
    "family":"Structure de page",
    "domain": "Internet / Intranet",
    "level":"Erreur",
    "description":"Les composants devant être placés AVANT le Bloc fonctionnel principal, dans l'ordre indiqué :<br/><ol><li>Menu applicatif internet (e:ApplicationMenu)</li><li>Fil d'Ariane intranet (e:BreadcrumbsList)</li><li>Menu applicatif secondaire intranet (e:ApplicationSecondaryMenu)</li><li>Bloc messages d'erreur/alerte.</li></ol><br/>Le composant à placer APRES le Bloc fonctionnel principal :<br/><ol><li>Note de pied de page (e:NotesBlock).</li></ol>",
    "description_intra":"",
    "correction":"",
    "correction_intra":"",
    "linkedDocs":[],
    "testedComponent":"Tous les composants du catalogue Ergonomique",
    "testedParents":"",
    "testedChildren":"",
    "linkedComponents":["3","5","27","421"]
}
