{
    "ruleId":"R52",
    "label":" La note de bas de page doit être placée après le bloc fonctionnel principal de la page.",
    "family":"Structure de page",
    "domain": "Internet",
    "level":"Erreur",
    "description":"",
    "description_intra":"",
    "correction":"",
    "correction_intra":"",
    "linkedDocs":[],
    "testedComponent":"Bloc note (div.blocnotes)",
    "testedParents":"Bloc applicatif (div.a_blocappli)",
    "testedChildren":"",
    "linkedComponents":["68"]
}
