{
    "ruleId":"R54",
    "label":"La structure Html du menu applicatif secondaire est incorrecte.",
    "family":"Structure du composant",
    "domain": "Internet / Intranet",
    "level":"Erreur",
    "description":"La racine du menu applicatif secondaire &lt;div class='menuapplih'&gt; doit être placée dans une balise Div, elle-même placée dans le bloc applicatif de la page &lt;div class='a_blocappli'&gt;.",
    "description_intra":"",
    "correction":"Il est conseillé d'utiliser le framework DevBooster pour coder votre application.",
    "correction_intra":"",
    "linkedDocs":[],
    "testedComponent":"div.menuapplih",
    "testedParents":"div",
    "testedChildren":"",
    "linkedComponents":["421"]
}
