{
    "ruleId":"R55",
    "label":"La structure Html du lien d'action globale est incorrecte.",
    "family":"Structure du composant",
    "domain": "Internet / Intranet",
    "level":"Erreur",
    "description":"La structure Html du lien d'action globale est incorrecte.<br/> <div class='a_blocactions'> doit être sur un DIV et dans un Titre de bloc fonctionnel (div.a_blocfctltitre ou div.ei_titlelabel). <br/>Voir onglet exemple",
    "description_intra":"",
    "correction":"Il est conseillé d'utiliser le framework DevBooster pour coder votre application.",
    "correction_intra":"",
    "linkedDocs":[],
    "testedComponent":"div.a_blocactions",
    "testedParents":"div.a_blocfctltitre",
    "testedChildren":"",
    "linkedComponents":["265"]
}
