{
    "ruleId":"R56",
    "label":"La structure Html du titre de bloc fonctionnel ou du bloc de regroupement est incorrecte.",
    "family":"Structure du composant",
    "domain": "Internet / Intranet",
    "level":"Erreur",
    "description":"",
    "description_intra":"",
    "correction":"Il est conseillé d'utiliser le framework DevBooster pour coder votre application.",
    "correction_intra":"",
    "linkedDocs":[],
    "testedComponent":"Titre (p.a_titre2)",
    "testedParents":"Bloc titre de bloc fonctionnel (div.a_blocfctltitre)",
    "testedChildren":"",
    "linkedComponents":["269"]
}
