{
    "ruleId":"R57",
    "label":"La structure Html des liens d'actions globales est incorrecte.",
    "family":"Structure du composant",
    "domain": "Internet / Intranet",
    "level":"Erreur",
    "description":"",
    "description_intra":"",
    "correction":"Il est conseillé d'utiliser le framework DevBooster pour coder votre application.",
    "correction_intra":"",
    "linkedDocs":[],
    "testedComponent":"container des lies d'ations globale (<p class='a_options'>)",
    "testedParents":"Bloc titre de bloc fonctionnel (div.a_blocfctltitre)",
    "testedChildren":"",
    "linkedComponents":["265"]
}
