{
    "ruleId":"R59.2",
    "label":"Le titre de la page est obligatoire.",
    "family":"Structure de page",
    "domain": "Internet / Intranet",
    "level":"Erreur",
    "description":"",
    "description_intra":"",
    "correction":"",
    "correction_intra":"",
    "linkedDocs":[],
    "testedComponent":"Libelle du titre de bloc fonctionnel (.ei_titlelabel)",
    "testedParents":"bloc titre de bloc fonctionnel principal (div.ei_mainblocfctl_title)",
    "testedChildren":"",
    "linkedComponents":["15"]
}
