{
    "ruleId":"R60",
    "label":"Les messages doivent être positionnés après la zone de navigation applicative et avant le bloc fonctionnel principal.",
    "family":"Structure de page",
    "domain": "Internet / Intranet",
    "level":"Erreur",
    "description":"Le bloc message s’affiche au-dessus du bloc fonctionnel principal. C'est le premier élément de la page.<br/>Cette règle tient compte des éventuels autres composants placés hors du bloc fonctionnel principal<ul><li>fil d'Ariane intranet (&lt;e:BreadcrumbsList&gt;)</li><li>menu applicatif internet et intranet (&lt;e:ApplicationMenu&gt;)</li><li>menu applicatif secondaire intranet (&lt;e:ApplicationSecondaryMenu&gt;)</li></ul>",
    "description_intra":"",
    "correction":"",
    "correction_intra":"",
    "linkedDocs":[],
    "testedComponent":"",
    "testedParents":"",
    "testedChildren":"",
    "linkedComponents":["8"]
}
