{
    "ruleId":"R61",
    "label":"La propriété Ellipsis ne peut s'appliquer à ce type de balise.",
    "family":"Cohérence",
    "domain": "Internet / Intranet",
    "level":"Erreur",
    "description":"",
    "description_intra":"",
    "correction":"Il est conseillé d'utiliser le framework DevBooster pour coder votre application.",
    "correction_intra":"",
    "linkedDocs":[],
    "testedComponent":"Tous, à l'exception du composant TabLabel",
    "testedParents":"",
    "testedChildren":"",
    "linkedComponents":["228"]
}
