{
    "ruleId":"R62",
    "label":"La structure du composant Processus est incorrecte.",
    "family":"Structure du composant",
    "domain": "Internet / Intranet",
    "level":"Erreur",
    "description":"",
    "description_intra":"",
    "correction":"Il est conseillé d'utiliser le framework DevBooster pour coder votre application.",
    "correction_intra":"",
    "linkedDocs":[],
    "testedComponent":"Bloc processus (div.ei_process)",
    "testedParents":"",
    "testedChildren":"div.ei_process_items, li.ei_process_item",
    "linkedComponents":["165"]
}
