{
    "ruleId":"R63",
    "label":"La structure du composant Bouton riche est incorrecte.",
    "family":"Structure du composant",
    "domain": "Internet / Intranet",
    "level":"Erreur",
    "description":"",
    "description_intra":"",
    "correction":"Il est conseillé d'utiliser le framework DevBooster pour coder votre application.",
    "correction_intra":"",
    "linkedDocs":[],
    "testedComponent":"Bouton riche (span.ei_button)",
    "testedParents":"",
    "testedChildren":"",
    "linkedComponents":["34"]
}
