{
    "ruleId":"R64",
    "label":"La structure du composant Maître Détail est incorrecte.",
    "family":"Structure du composant",
    "domain": "Internet / Intranet",
    "level":"Erreur",
    "description":"",
    "description_intra":"",
    "correction":"Il est conseillé d'utiliser le framework DevBooster pour coder votre application.",
    "correction_intra":"",
    "linkedDocs":[],
    "testedComponent":"conteneur maitre/detail (div.ei_md)",
    "testedParents":"",
    "testedChildren":"",
    "linkedComponents":[]
}
