{
    "ruleId":"R65",
    "label":"La structure du composant Mosaïque de tuiles est incorrecte.",
    "family":"Structure du composant",
    "domain": "Intranet",
    "level":"Erreur",
    "description":" ",
    "description_intra":"",
    "correction":"Il est conseillé d'utiliser le framework DevBooster pour coder votre application.",
    "correction_intra":"",
    "linkedDocs":[],
    "testedComponent":"Mosaique de tuiles (div.ei_rcb)",
    "testedParents":"",
    "testedChildren":"tuiles",
    "linkedComponents":["250"]
}
