{
    "ruleId":"R66",
    "label":"La structure du composant Bloc fonctionnel secondaire est incorrecte.",
    "family":"Structure du composant",
    "domain": "Internet / Intranet",
    "level":"Erreur",
    "description":"",
    "description_intra":"",
    "correction":"Il est conseillé d'utiliser le framework DevBooster pour coder votre application.",
    "correction_intra":"",
    "linkedDocs":[],
    "testedComponent":"Bloc fonctionnel secondaire (div.ei_.fnblock)",
    "testedParents":"",
    "testedChildren":"",
    "linkedComponents":["216"]
}
