{
    "ruleId":"R67.1",
    "label":"Les boutons et les éléments de saisie sont interdits dans le composant Détail au survol.",
    "family":"Structure du composant",
    "domain": "Internet / Intranet",
    "level":"Erreur",
    "description":"",
    "description_intra":"",
    "correction":"",
    "correction_intra":"",
    "linkedDocs":[],
    "testedComponent":"Déclencheur (span.ei_hdet_item, div.ei_hdet_box)",
    "testedParents":"",
    "testedChildren":"bouton (.ei_button), éléments de saisie de formulaire",
    "linkedComponents":["34","49","52","54","143","144","147"]
}
