{
    "ruleId":"R67",
    "label":"La structure du composant Détail au survol est incorrecte.",
    "family":"Structure du composant",
    "domain": "Internet / Intranet",
    "level":"Erreur",
    "description":"",
    "description_intra":"",
    "correction":"Il est conseillé d'utiliser le framework DevBooster pour coder votre application.",
    "correction_intra":"",
    "linkedDocs":[],
    "testedComponent":"Déclencheur (span.ei_hdet_item, div.ei_hdet_box)",
    "testedParents":"",
    "testedChildren":"",
    "linkedComponents":["147"]
}
