{
    "ruleId":"R68",
    "label":"La structure du composant Menu contextuel est incorrecte.",
    "family":"Structure du composant",
    "domain": "Internet / Intranet",
    "level":"Erreur",
    "description":"",
    "description_intra":"",
    "correction":"Il est conseillé d'utiliser le framework DevBooster pour coder votre application.",
    "correction_intra":"",
    "linkedDocs":[],
    "testedComponent":"Déclencheur (span.ei_ctxmenu)",
    "testedParents":"",
    "testedChildren":"",
    "linkedComponents":["142"]
}
