{
    "ruleId":"R69",
    "label":"Un lien d'aide globale / opératoire est nécessaire sur la première page sous intranet.",
    "family":"Homogénéité",
    "domain": "Intranet",
    "level":"Info",
    "description":"",
    "description_intra":"Ce composant ne revêt pas de caractère obligatoire sous internet.",
    "correction":"",
    "correction_intra":"",
    "linkedDocs":[
        {
            "name":"Affichage de l’aide opératoire dans une application Intranet",
            "link":"https://wlib-si.cm-cic.fr/?mnc=SRVIPX&typ=NAVIGATION&par=SiteCDM:99;obj:9940013856"

        }
    ],
    "testedComponent":"lien d'aide(a.popaide)",
    "testedParents":"Bloc fonctionnel principal",
    "testedChildren":"",
    "linkedComponents":["17"]
}
