{
    "ruleId":"R71",
    "label":"La structure du composant Tuile est incorrecte.",
    "family":"Structure du composant",
    "domain": "Internet / Intranet",
    "level":"Erreur",
    "description":"",
    "description_intra":"",
    "correction":"Il est conseillé d'utiliser le framework DevBooster pour coder votre application.",
    "correction_intra":"",
    "linkedDocs":[],
    "testedComponent":"Tuile (div.ei_tile)",
    "testedParents":"",
    "testedChildren":"",
    "linkedComponents":["214"]
}
