{
    "ruleId":"R72.1",
    "label":"Il est interdit d'imbriquer une tuile ou une carte dans une carte.",
    "family":"Structure du composant",
    "domain": "Internet / Intranet",
    "level":"Erreur",
    "description":"",
    "description_intra":"",
    "correction":"",
    "correction_intra":"",
    "linkedDocs":[],
    "testedComponent":"Carte (div.ei_card)",
    "testedParents":"",
    "testedChildren":"Tuile (div.ei_tile), Cartes (div.ei_card, div.ei_productcard, div.ei_offercard)",
    "linkedComponents":["214","236","277","282"]
}
