{
    "ruleId":"R72.2",
    "label":"Une carte doit être placée dans une grille de cartes a:CardsList ou un carrousel a:Carousel.",
    "family":"Structure du composant",
    "domain": "Internet / Intranet",
    "level":"Erreur",
    "description":"",
    "description_intra":"",
    "correction":"",
    "correction_intra":"",
    "linkedDocs":[],
    "testedComponent":"Carte (div.ei_card)",
    "testedParents":"CardsList, Carousel",
    "testedChildren":"Cartes (div.ei_card, div.ei_productcard, div.ei_offercard)",
    "linkedComponents":["138","232","236"]
}
