{
    "ruleId":"R72.3",
    "label":"Il ne peut pas y avoir simultanément un colonage sur la grille de cartes (a:CardsList) et une largeur (width) définie sur la carte.",
    "family":"Structure du composant",
    "domain": "Internet / Intranet",
    "level":"Erreur",
    "description":"",
    "description_intra":"",
    "correction":"",
    "correction_intra":"",
    "linkedDocs":[],
    "testedComponent":"Carte (div.ei_card)",
    "testedParents":"CardsList",
    "testedChildren":"",
    "linkedComponents":["232","236"]
}
