{
    "ruleId":"R73",
    "label":"La structure du composant Grille de cartes est incorrecte.",
    "family":"Structure du composant",
    "domain": "Internet / Intranet",
    "level":"Erreur",
    "description":"",
    "description_intra":"",
    "correction":"Il est conseillé d'utiliser le framework DevBooster pour coder votre application.",
    "correction_intra":"",
    "linkedDocs":[],
    "testedComponent":"Grille de carte (div.ei_cardgrid)",
    "testedParents":"",
    "testedChildren":"",
    "linkedComponents":["232"]
}
