{
    "ruleId":"R74",
    "label":"La structure du composant Mosaïque de tuiles est incorrecte.",
    "family":"Structure du composant",
    "domain": "Internet / Intranet",
    "level":"Erreur",
    "description":"",
    "description_intra":"",
    "correction":"Il est conseillé d'utiliser le framework DevBooster pour coder votre application.",
    "correction_intra":"",
    "linkedDocs":[],
    "testedComponent":"Mosaïque de tuiles (div.ei_rcb)",
    "testedParents":"Bloc fonctionnel v3(.a_blocfctl) ou v4(.ei_mainblocfctl, .ei_fnblock)",
    "testedChildren":"",
    "linkedComponents":["250"]
}
