{
    "ruleId":"R75",
    "label":"Le composant 'Portail' doit être placé directement dans un bloc fonctionnel principal ou secondaire, un bloc de regroupement ou un tableau de mise en forme.",
    "family":"Structure du composant",
    "domain": "Internet / Intranet",
    "level":"Erreur",
    "description":"",
    "description_intra":"",
    "correction":"Il est conseillé d'utiliser le framework DevBooster pour coder votre application.",
    "correction_intra":"",
    "linkedDocs":[],
    "testedComponent":"Portail (div.ei_cardboard)",
    "testedParents":"Blocs fonctionnels, tableau type layout",
    "testedChildren":"",
    "linkedComponents":["249"]
}
