{
    "ruleId":"R80",
    "label":"La ligne d'actions globales doit forcément être placée dans une zone d'actions globales.",
    "family":"Cohérence",
    "domain": "Internet / Intranet",
    "level":"Erreur",
    "description":"La ligne d'actions globales e:ActionsList d'un composant doit nécessairement être placée dans la zone d'actions globales du composant. Elle ne peut pas être isolée hors de son conteneur.<br/><br/>Cette règle est valable pour les composants suivants :<ul><li>Bloc fonctionnel principal</li><li>Bloc fonctionnel secondaire</li><li>Bloc de regroupement</li><li>Tuile</li><li>Carte</li></ul>",
    "description_intra":"",
    "correction":"Par exemple, dans le bloc fonctionnel principal a:MainFunctionBlock, la ligne d'actions globales e:ActionsList est nécessairement placée dans l'a:MainFunctionBlock.ActionsBlock.",
    "correction_intra":"",
    "linkedDocs":[],
    "testedComponent":"liste de liens d'actions (ul.a_actions)",
    "testedParents":"zone d'action des blocs fonctionnels, tuile, carte",
    "testedChildren":"",
    "linkedComponents":["15","214","236","265","269"]
}
