{
    "ruleId":"R81",
    "label":"Le menu contextuel doit être placé directement dans la zone d'actions globales et non dans une action de la zone d'actions globales.",
    "family":"Structure du composant",
    "domain": "Internet / Intranet",
    "level":"Erreur",
    "description":"",
    "description_intra":"",
    "correction":"",
    "correction_intra":"",
    "linkedDocs":[],
    "testedComponent":"menu contextuel (.ei_nctxmenu)",
    "testedParents":"zone d'action globale (a.act, span.act), zone d'action en ligne (td.a_actions)",
    "testedChildren":"",
    "linkedComponents":["19","142","265"]
}
