{
    "ruleId":"R81.2",
    "label":"Le menu contextuel doit être placé directement dans le lien d'actions en ligne et non dans une action unitaire.",
    "family":"Structure du composant",
    "domain": "Internet / Intranet",
    "level":"Erreur",
    "description":"",
    "description_intra":"",
    "correction":"",
    "correction_intra":"",
    "linkedDocs":[],
    "testedComponent":"menu contextuel (.ei_nctxmenu)",
    "testedParents":"zone d'action en ligne (td.a_actions)",
    "testedChildren":"",
    "linkedComponents":["19","142"]
}
