{
    "ruleId":"R81.1",
    "label":"Le menu contextuel doit être placé directement dans le lien d'actions globales et non dans une action unitaire.",
    "family":" Structure du composant",
    "domain": "Internet / Intranet",
    "level":"Erreur",
    "description":"",
    "description_intra":"",
    "correction":"",
    "correction_intra":"",
    "linkedDocs":[],
    "testedComponent":"menu contextuel (.ei_nctxmenu)",
    "testedParents":"zone d'action globale (a.act, span.act)",
    "testedChildren":"",
    "linkedComponents":["142","265"]
}
