{
    "ruleId":"R87",
    "label":"Le bloc de texte a:TextBlock de type erreur ne doit pas se substituer au message d'erreur DevBooster.",
    "family":"Cohérence",
    "domain": "Internet / Intranet",
    "level":"Alerte",
    "description":"",
    "description_intra":"",
    "correction":"",
    "correction_intra":"",
    "linkedDocs":[],
    "testedComponent":"composant TextBlock avec Type='Error'",
    "testedParents":"",
    "testedChildren":"",
    "linkedComponents":["8","263"]
}
