{
    "ruleId":"R88.1",
    "label":"La somme des largeurs des colonnes (e:Col) d'un tableau ne doit pas dépasser 100%.",
    "family":"Cohérence",
    "domain": "Internet / Intranet",
    "level":"Erreur",
    "description":"",
    "description_intra":"",
    "correction":"",
    "correction_intra":"",
    "linkedDocs":[],
    "testedComponent":"Tous les tableaux",
    "testedParents":"",
    "testedChildren":"balise &gt;Col&lt;",
    "linkedComponents":["36","45","47","207"]
}
