{
    "ruleId":"R88",
    "label":"Il est conseillé d'exprimer la largeur des colonnes d'un tableau en %",
    "family":"Responsive",
    "domain": "Internet",
    "level":"Erreur",
    "description":"",
    "description_intra":"La largeur des colonnes d'un tableau est généralement exprimée en pixels (px) sous intranet.",
    "correction":"",
    "correction_intra":"",
    "linkedDocs":[],
    "testedComponent":"Tous les tableaux",
    "testedParents":"",
    "testedChildren":"balise Col",
    "linkedComponents":["36","45","47","207"]
}
