{
    "ruleId":"R90",
    "label":"Un bloc fonctionnel secondaire avec l'attribut pliable doit posséder un titre.",
    "family":"Cohérence",
    "domain": "Internet / Intranet",
    "level":"Erreur",
    "description":"",
    "description_intra":"",
    "correction":"",
    "correction_intra":"",
    "linkedDocs":[],
    "testedComponent":"Bloc fonctionnel secondaire (div.ei_fnblock)",
    "testedParents":"",
    "testedChildren":"Titre de bloc fonctionnel (div.ei_titleblock div.ei_titletext)",
    "linkedComponents":["15","216"]
}
