{
    "ruleId":"R91",
    "label":"le composant e:UserPrivacyMessage est interdit sur Internet.",
    "family":"Cohérence",
    "domain": "Internet",
    "level":"Erreur",
    "description":"Il s'agit d'une règle interdisant l'usage du composant sous internet (Se reporter à la description pour plus de détail).",
    "description_intra":"",
    "correction":"",
    "correction_intra":"",
    "linkedDocs":[],
    "testedComponent":"UserPrivacyMessage (div.UserPrivacyMessage)",
    "testedParents":"",
    "testedChildren":"",
    "linkedComponents":["418"]
}
