{
    "ruleId":"R92",
    "label":"Il est fortement déconseillé d'imbriquer des blocs fonctionnels secondaires.",
    "family":"Cohérence",
    "domain": "Internet / Intranet",
    "level":"Alerte",
    "description":"",
    "description_intra":"",
    "correction":"",
    "correction_intra":"",
    "linkedDocs":[],
    "testedComponent":"Bloc fonctionnel secondaire (div.ei_fnblock)",
    "testedParents":"Bloc fonctionnel secondaire (div.ei_fnblock)",
    "testedChildren":"",
    "linkedComponents":["216"]
}
