{
    "ruleId":"R93",
    "label":"La structure du composant Carte produit est incorrecte.",
    "family":"Structure du composant",
    "domain": "Internet / Intranet",
    "level":"Erreur",
    "description":"Il faut à minima un titre et une donnée importante.",
    "description_intra":"",
    "correction":"",
    "correction_intra":"",
    "linkedDocs":[],
    "testedComponent":"a:ProductCard (div.ei_productcard)",
    "testedParents":"",
    "testedChildren":"",
    "linkedComponents":["277"]
}
