{
    "ruleId":"R93.8",
    "label":"Eviter de mixer à mauvais escient sur une même page une carte produit et une carte offre commerciale.",
    "family":"Cohérence",
    "domain": "Internet / Intranet",
    "level":"Alerte",
    "description":"",
    "description_intra":"",
    "correction":"",
    "correction_intra":"",
    "linkedDocs":[],
    "testedComponent":"a:ProductCard (div.ei_productcard), a:OfferCard(div.ei_offercard)",
    "testedParents":"",
    "testedChildren":"",
    "linkedComponents":["277","282"]
}
