{
    "ruleId":"R93.7",
    "label":" Une carte produit doit contenir une donnée importante.",
    "family":"Structure du composant",
    "domain": "Internet / Intranet",
    "level":"Erreur",
    "description":"",
    "description_intra":"",
    "correction":"",
    "correction_intra":"",
    "linkedDocs":[],
    "testedComponent":"a:ProductCard (div.ei_productcard)",
    "testedParents":"",
    "testedChildren":"Donnée importante (.ei_productcard__amount .ei_blcdata_item)",
    "linkedComponents":["277"]
}
