{
    "ruleId":"R93.3",
    "label":"Il ne peut pas y avoir simultanément un colonage sur la grille de cartes a:CardsList, ou un carrousel a:Carousel, avec une largeur (width) définie sur la carte produit.",
    "family":"Structure du composant",
    "domain": "Internet / Intranet",
    "level":"Erreur",
    "description":"",
    "description_intra":"",
    "correction":"",
    "correction_intra":"",
    "linkedDocs":[],
    "testedComponent":"a:ProductCard (div.ei_productcard)",
    "testedParents":"a:CardsList, a:carrousel",
    "testedChildren":"",
    "linkedComponents":["277"]
}
