{
    "ruleId":"R93.6",
    "label":"Une carte produit doit contenir un titre.",
    "family":"Structure du composant",
    "domain": "Internet / Intranet",
    "level":"Erreur",
    "description":"",
    "description_intra":"",
    "correction":"",
    "correction_intra":"",
    "linkedDocs":[],
    "testedComponent":"a:ProductCard (div.ei_productcard)",
    "testedParents":"",
    "testedChildren":"titre de carte produit (.ei_productcard__title)",
    "linkedComponents":["277"]
}
