{
    "ruleId":"R93.2",
    "label":"Une carte produit se trouve en général dans une grille de cartes (a:CardsList) ou un carrousel (a:Carousel).",
    "family":"Structure du composant",
    "domain": "Internet / Intranet",
    "level":"Alerte",
    "description":"",
    "description_intra":"",
    "correction":"",
    "correction_intra":"",
    "linkedDocs":[],
    "testedComponent":"a:ProductCard (div.ei_productcard)",
    "testedParents":" Grill de carte (ul.listefluide, ul.ei_cardgrid), item de carrousel (li.ei_carousel__item)",
    "testedChildren":"",
    "linkedComponents":["138","232","277"]
}
