{
    "ruleId":"R93.1",
    "label":"Il est interdit d'imbriquer une carte produit dans une tuile ou une carte.",
    "family":"Structure du composant",
    "domain": "Internet / Intranet",
    "level":"Erreur",
    "description":"",
    "description_intra":"",
    "correction":"",
    "correction_intra":"",
    "linkedDocs":[],
    "testedComponent":"a:ProductCard (div.ei_productcard)",
    "testedParents":"Tout type de carte/tuile (.ei_tile, .ei_card, .ei_productcard, .ei_offercard)",
    "testedChildren":"",
    "linkedComponents":["214","236","277","282"]
}
