{
    "ruleId":"R93.5",
    "label":"Les éléments de saisie sont interdits dans le contenu principal d'une carte produit.",
    "family":"Structure du composant",
    "domain": "Internet / Intranet",
    "level":"Erreur",
    "description":"",
    "description_intra":"",
    "correction":"",
    "correction_intra":"",
    "linkedDocs":[],
    "testedComponent":"a:ProductCard (div.ei_productcard)",
    "testedParents":"",
    "testedChildren":"tout élément de saisie dans le corps de la carte produit (.ei_productcard__content :input)",
    "linkedComponents":["277"]
}
