{
    "ruleId":"R94.7",
    "label":" Une carte Offre commerciale doit contenir une donnée importante.",
    "family":"Structure du composant",
    "domain": "Internet / Intranet",
    "level":"Erreur",
    "description":"",
    "description_intra":"",
    "correction":"",
    "correction_intra":"",
    "linkedDocs":[],
    "testedComponent":"a:OfferCard (div.ei_offercard)",
    "testedParents":"",
    "testedChildren":"Donnée importante (.ei_offertcard__amount .ei_blcdata_item)",
    "linkedComponents":["282"]
}
