{
    "ruleId":"R94",
    "label":"La structure du composant Carte offre commerciale est incorrecte.",
    "family":"Structure du composant",
    "domain": "Internet / Intranet",
    "level":"Erreur",
    "description":"La présence d’un titre et d’une donnée importante sont nécessaires.",
    "description_intra":"",
    "correction":"",
    "correction_intra":"",
    "linkedDocs":[],
    "testedComponent":"a:OfferCard (div.ei_offercard)",
    "testedParents":"",
    "testedChildren":"",
    "linkedComponents":["282"]
}
