{
    "ruleId":"R94.3",
    "label":"Il ne peut pas y avoir simultanément un colonage sur la grille de cartes (&lt;a:CardsList&gt;), ou un carrousel (&lt;a:Carousel&gt;), avec une largeur (width) définie sur une offre commerciale.",
    "family":"Structure du composant",
    "domain": "Internet / Intranet",
    "level":"Erreur",
    "description":"",
    "description_intra":"",
    "correction":"",
    "correction_intra":"",
    "linkedDocs":[],
    "testedComponent":"a:OfferCard (div.ei_offercard)",
    "testedParents":"a:CardsList, a:carrousel",
    "testedChildren":"",
    "linkedComponents":["277"]
}
