{
    "ruleId":"R94.6",
    "label":" Une carte offre commerciale doit contenir un titre.",
    "family":"Structure du composant",
    "domain": "Internet / Intranet",
    "level":"Erreur",
    "description":"",
    "description_intra":"",
    "correction":"",
    "correction_intra":"",
    "linkedDocs":[],
    "testedComponent":"a:OfferCard (div.ei_offercard)",
    "testedParents":"",
    "testedChildren":"titre de carte offre (.ei_offercard__title)",
    "linkedComponents":["282"]
}
