{
    "ruleId":"R94.5",
    "label":"Un bouton de la carte offre commerciale ne peut être placé que dans le pied de la carte ou dans un libellé-valeur de la carte.",
    "family":"Structure du composant",
    "domain": "Internet / Intranet",
    "level":"Erreur",
    "description":"Le bouton est à placé dans le pied de la carte a:OfferCard.Footer ou dans un libellé-valeur de la carte a:LabelValueOutput.Buttons.",
    "description_intra":"",
    "correction":"",
    "correction_intra":"",
    "linkedDocs":[],
    "testedComponent":"Bouton riche (.ei_button)",
    "testedParents":"",
    "testedChildren":"OfferCard.Footer (.ei_offercard__footer), LabelValueOutput.Buttons (.ei_labelvalue__content)",
    "linkedComponents":["282"]
}
