{
    "ruleId":"R94.4",
    "label":"Un seul bouton est fortement conseillé dans une carte offre commerciale.",
    "family":"Structure du composant",
    "domain": "Internet / Intranet",
    "level":"Alerte",
    "description":"",
    "description_intra":"",
    "correction":"",
    "correction_intra":"",
    "linkedDocs":[],
    "testedComponent":"a:OfferCard (div.ei_offercard)",
    "testedParents":"",
    "testedChildren":"Boutons riches (.ei_button)",
    "linkedComponents":["282"]
}
