{
    "ruleId":"R95.6",
    "label":"Un élément du carrousel découverte doit comporter au moins un titre (&lt;P class='ei_paraghtitle'&gt;).",
    "family":"Structure du composant",
    "domain": "Internet / Intranet",
    "level":"Erreur",
    "description":"",
    "description_intra":"",
    "correction":"",
    "correction_intra":"",
    "linkedDocs":[],
    "testedComponent":"div.ei_carousel",
    "testedParents":"",
    "testedChildren":"titre de paragraphe (.ei_paraghtitle)",
    "linkedComponents":["409"]
}
