{
    "ruleId":"R95.3",
    "label":"Il est interdit d'utiliser des éléments de saisie dans un item de carrousel.",
    "family":"Structure du composant",
    "domain": "Internet / Intranet",
    "level":"Erreur",
    "description":"",
    "description_intra":"",
    "correction":"",
    "correction_intra":"",
    "linkedDocs":[],
    "testedComponent":"div.ei_carousel__item",
    "testedParents":"",
    "testedChildren":"tout élément de saisie (:input)",
    "linkedComponents":["138"]
}
