{
    "ruleId":"R95",
    "label":"La structure du composant Carrousel est incorrecte.",
    "family":"Structure du composant",
    "domain": "Internet / Intranet",
    "level":"Erreur",
    "description":"Au moins un item de carrousel est exigé dans le carrousel découverte et carrousel produits.<br/><br/> Un titre est également demandé dans le carrousel découverte.",
    "description_intra":"",
    "correction":"",
    "correction_intra":"",
    "linkedDocs":[],
    "testedComponent":"div.ei_carousel",
    "testedParents":"",
    "testedChildren":"",
    "linkedComponents":["138"]
}
