{
    "ruleId":"R95.2",
    "label":"Un item de carrousel produits ne peut contenir qu'un exemplaire unique des composants suivants : carte, carte produit, image, image zoomable, radio-boutons riches (cas du visuel produit).",
    "family":"Structure du composant",
    "domain": "Internet / Intranet",
    "level":"Erreur",
    "description":"Cette règle ne s'applique pas au carrousel découverte, qui possède un format spécifique.",
    "description_intra":"",
    "correction":"",
    "correction_intra":"",
    "linkedDocs":[],
    "testedComponent":"div.ei_carousel__item",
    "testedParents":"",
    "testedChildren":"cartes (.ei_card, .ei_productcard), éléments pour visuel produit (.ei_zoom_need, .ei_richrb), images (img)",
    "linkedComponents":["138"]
}
