{
    "ruleId":"R96.4",
    "label":"Une infobulle découverte doit contenir un texte descriptif.",
    "family":"Structure du composant",
    "domain": "Internet / Intranet",
    "level":"Erreur",
    "description":"",
    "description_intra":"",
    "correction":"",
    "correction_intra":"",
    "linkedDocs":[],
    "testedComponent":"div.ei_tutotooltip",
    "testedParents":"",
    "testedChildren":"contenu d'infobulle (.ei_tutotooltip__content)",
    "linkedComponents":["415"]
}
