{
    "ruleId":"R96.7",
    "label":"Il est fortement déconseiller d'utiliser un lien dans l'infobulle découverte qui la détournerait de sa fonction.",
    "family":"Lisibilité",
    "domain": "Internet / Intranet",
    "level":"Alerte",
    "description":"",
    "description_intra":"",
    "correction":"",
    "correction_intra":"",
    "linkedDocs":[],
    "testedComponent":"div.ei_tutotooltip",
    "testedParents":"",
    "testedChildren":"liens (a), boutons (.ei_button)",
    "linkedComponents":["415"]
}
