{
    "ruleId":"R96.3",
    "label":"Le titre d'une infobulle découverte ne doit pas dépasser 60 caractères.",
    "family":"Lisibilité",
    "domain": "Internet / Intranet",
    "level":"Erreur",
    "description":"",
    "description_intra":"",
    "correction":"",
    "correction_intra":"",
    "linkedDocs":[],
    "testedComponent":"div.ei_tutotooltip",
    "testedParents":"",
    "testedChildren":"titre d'infobulle (.ei_tutotooltip__title)",
    "linkedComponents":["415"]
}
