{
    "ruleId":"R96.5",
    "label":"Le texte descriptif d'une infobulle découverte ne doit pas dépasser 160 caractères.",
    "family":"Lisibilité",
    "domain": "Internet / Intranet",
    "level":"Erreur",
    "description":"",
    "description_intra":"",
    "correction":"",
    "correction_intra":"",
    "linkedDocs":[],
    "testedComponent":"div.ei_tutotooltip",
    "testedParents":"",
    "testedChildren":"contenu d'infobulle (.ei_tutotooltip__content)",
    "linkedComponents":["415"]
}
