{
    "ruleId":"R96.6",
    "label":"Une Infobulle découverte ne doit pas contenir de visuels (image, vidéo, picto,...).",
    "family":"Structure du composant",
    "domain": "Internet / Intranet",
    "level":"Erreur",
    "description":"",
    "description_intra":"",
    "correction":"",
    "correction_intra":"",
    "linkedDocs":[],
    "testedComponent":"div.ei_tutotooltip",
    "testedParents":"",
    "testedChildren":"images (img), vidéos (video), pictos (ei_gly_xxxx)",
    "linkedComponents":["415"]
}
